element,grain_size_um,flow_stress_MPa,plastic_strain,test_method,reference
Fe,457.0,75.0,LYS,TT,42
Fe,467.0,70.0,LYS,TT,42
Fe,260.0,84.0,LYS,TT,42
Fe,244.0,82.0,LYS,TT,42
Fe,170.0,89.0,LYS,TT,42
Fe,179.0,85.0,LYS,TT,42
Fe,34.0,152.0,LYS,TT,42
Fe,32.0,157.0,LYS,TT,42
Fe,31.0,160.0,LYS,TT,42
Fe,30.0,163.0,LYS,TT,42
Fe,29.0,162.0,LYS,TT,42
Fe,28.0,166.0,LYS,TT,42
Fe,181.0,115.0,LYS,TT,43
Fe,156.0,104.0,LYS,TT,43
Fe,123.0,115.0,LYS,TT,43
Fe,100.0,129.0,LYS,TT,43
Fe,78.0,126.0,LYS,TT,43
Fe,66.0,138.0,LYS,TT,43
Fe,44.0,152.0,LYS,TT,43
Fe,33.0,170.0,LYS,TT,43
Fe,27.0,183.0,LYS,TT,43
Fe,26.0,183.0,LYS,TT,43
Fe,24.0,183.0,LYS,TT,43
Fe,16.0,218.0,LYS,TT,43
Fe,16.0,223.0,LYS,TT,43
Fe,15.0,223.0,LYS,TT,43
Fe,701.0,108.0,LYS,TT,44
Fe,459.0,107.0,LYS,TT,44
Fe,445.0,110.0,LYS,TT,44
Fe,246.0,119.0,LYS,TT,44
Fe,247.0,122.0,LYS,TT,44
Fe,220.0,117.0,LYS,TT,44
Fe,133.0,132.0,LYS,TT,44
Fe,106.0,135.0,LYS,TT,44
Fe,94.0,145.0,LYS,TT,44
Fe,90.0,144.0,LYS,TT,44
Fe,83.0,144.0,LYS,TT,44
Fe,59.0,158.0,LYS,TT,44
Fe,42.0,173.0,LYS,TT,44
Fe,42.0,176.0,LYS,TT,44
Fe,36.0,185.0,LYS,TT,44
Fe,34.0,185.0,LYS,TT,44
Fe,32.0,185.0,LYS,TT,44
Fe,30.0,190.0,LYS,TT,44
Fe,30.0,192.0,LYS,TT,44
Fe,24.0,205.0,LYS,TT,44
Fe,21.0,213.0,LYS,TT,44
Fe,21.0,215.0,LYS,TT,44
Fe,17.0,231.0,LYS,TT,44
Fe,17.0,235.0,LYS,TT,44
Fe,16.0,237.0,LYS,TT,44
Fe,96.0,107.0,LYS,TT,45
Fe,66.0,134.0,LYS,TT,45
Fe,43.0,161.0,LYS,TT,45
Fe,11.0,250.0,LYS,TT,45
Fe,6.0,341.0,LYS,TT,45
Fe,402.0,51.0,LYS,TT,40
Fe,422.0,53.0,LYS,TT,40
Fe,383.0,55.0,LYS,TT,40
Fe,140.0,77.0,LYS,TT,40
Fe,120.0,79.0,LYS,TT,40
Fe,128.0,82.0,LYS,TT,40
Fe,21.0,105.0,LYS,TT,40
Fe,19.0,104.0,LYS,TT,40
Fe,25.0,139.0,LYS,TT,38
Fe,200.0,61.0,LYS,TT,38
Fe,2000.0,39.0,LYS,TT,38
Fe,3.0,706.0,-,VH,46
Fe,0.06,1413.0,-,VH,46
Fe,0.029,1906.0,-,VH,46
Fe,0.012,2093.0,-,VH,46
Fe,0.01,2397.0,-,VH,46
Fe,0.009,2606.0,-,VH,46
Fe,0.009,2871.0,-,VH,46
Fe,0.008,2933.0,-,VH,46
Fe,0.007,3051.0,-,VH,46
Fe,0.007,3205.0,-,VH,46
Fe,0.006,3348.0,-,VH,46
Fe,0.035,1887.0,-,VH,47
Fe,0.03,2090.0,-,VH,47
Fe,0.031,2126.0,-,VH,47
Fe,0.026,2186.0,-,VH,47
Fe,0.023,2125.0,-,VH,47
Fe,0.029,2246.0,-,VH,47
Fe,0.024,2341.0,-,VH,47
Fe,0.024,2317.0,-,VH,47
Fe,0.023,2257.0,-,VH,47
Fe,0.026,2437.0,-,VH,47
Fe,0.017,2340.0,-,VH,47
Fe,0.015,2436.0,-,VH,47
Fe,0.014,2507.0,-,VH,47
Fe,0.018,2496.0,-,VH,47
Fe,0.018,2532.0,-,VH,47
Fe,0.016,2591.0,-,VH,47
Fe,0.02,2544.0,-,VH,47
Fe,0.02,2616.0,-,VH,47
Fe,0.017,2663.0,-,VH,47
Fe,0.008,2481.0,-,VH,47
Fe,0.009,2733.0,-,VH,47
Fe,0.008,2732.0,-,VH,47
Fe,0.043,1635.0,-,NH,48
Fe,0.04,1704.0,-,NH,48
Fe,0.024,2862.0,-,NH,48
Fe,0.02,2971.0,-,NH,48
Fe,0.019,2971.0,-,NH,48
Fe,0.018,3325.0,-,NH,48
Fe,0.012,3325.0,-,NH,48
Fe,0.011,2753.0,-,NH,48
Fe,26.0,750.0,-,NH,48
Fe,8.0,277.0,LYS,TT,55
Fe,16.0,209.0,LYS,TT,55
Fe,37.0,165.0,LYS,TT,55
Fe,70.0,142.0,LYS,TT,55
Fe,105.0,132.0,LYS,TT,55
Fe,110.0,130.0,LYS,TT,55
Fe,280.0,103.0,LYS,TT,55
Fe,181.0,105.0,LYS,TT,49
Fe,84.0,137.0,LYS,TT,49
Fe,52.0,156.0,LYS,TT,49
Fe,33.0,182.0,LYS,TT,49
Fe,22.0,198.0,LYS,TT,49
Fe,18.0,220.0,LYS,TT,49
Fe,95.0,104.0,LYS,TT,41
Fe,65.0,118.0,LYS,TT,41
Fe,40.0,128.0,LYS,TT,41
Fe,22.0,149.0,LYS,TT,41
Fe,380.0,96.0,LYS,TT,50
Fe,115.0,122.0,LYS,TT,50
Fe,96.0,149.0,LYS,TT,50
Fe,79.0,157.0,LYS,TT,50
Fe,62.0,165.0,LYS,TT,50
Fe,65.0,177.0,LYS,TT,50
Fe,49.0,195.0,LYS,TT,50
Fe,48.0,205.0,LYS,TT,50
Fe,49.0,208.0,LYS,TT,50
Fe,49.0,214.0,LYS,TT,50
Fe,45.0,212.0,LYS,TT,50
Fe,45.0,208.0,LYS,TT,50
Fe,34.0,198.0,LYS,TT,50
Fe,29.0,200.0,LYS,TT,50
Fe,29.0,217.0,LYS,TT,50
Fe,22.0,246.0,LYS,TT,50
Fe,18.0,261.0,LYS,TT,50
Fe,16.0,275.0,LYS,TT,50
Fe,14.0,272.0,LYS,TT,50
Fe,13.0,257.0,LYS,TT,50
Fe,11.0,269.0,LYS,TT,50
Fe,9.0,277.0,LYS,TT,50
Fe,8.0,292.0,LYS,TT,50
Fe,8.0,293.0,LYS,TT,50
Fe,254.0,88.0,LYS,TT,39
Fe,76.0,136.0,LYS,TT,39
Fe,46.0,145.0,LYS,TT,39
Fe,33.0,166.0,LYS,TT,39
Fe,18.0,163.0,LYS,TT,51
Fe,15.0,177.0,LYS,TT,51
Fe,12.0,185.0,LYS,TT,51
Fe,8.0,231.0,LYS,TT,51
Fe,7.0,231.0,LYS,TT,51
Fe,58.0,99.0,LYS,TT,52
Fe,42.0,108.0,LYS,TT,52
Fe,33.0,113.0,LYS,TT,52
Fe,22.0,140.0,LYS,TT,52
Fe,21.0,129.0,LYS,TT,52
Fe,5.4,134.0,0.002,TT,56
Fe,2.7,177.0,0.002,TT,56
Fe,1.5,232.0,0.002,TT,56
Fe,0.98,422.0,0.002,TT,56
Fe,0.86,498.0,0.002,TT,56
Fe,0.78,543.0,0.002,TT,56
Fe,0.71,592.0,0.002,TT,56
Fe,0.68,635.0,0.002,TT,56
Fe,0.44,720.0,0.002,TT,56
Fe,0.15,1392.0,-,VH,53
Fe,0.084,1583.0,-,VH,53
Fe,0.062,1760.0,-,VH,53
Fe,0.052,1911.0,-,VH,53
Fe,0.029,2122.0,-,VH,53
Fe,0.031,2220.0,-,VH,53
Fe,0.024,2365.0,-,VH,53
Fe,0.022,2489.0,-,VH,53
Fe,0.02,2608.0,-,VH,53
Fe,0.017,2811.0,-,VH,53
Fe,0.018,2877.0,-,VH,53
Fe,0.021,1176.0,-,VH,54
Fe,0.019,1067.0,-,VH,54
Fe,0.017,1079.0,-,VH,54
Fe,0.013,1260.0,-,VH,54
Fe,0.012,1253.0,-,VH,54
Fe,0.011,1310.0,-,VH,54
Fe,0.01,1224.0,-,VH,54
Fe,0.01,1186.0,-,VH,54
Fe,0.032,738.0,-,VH,54
Fe,0.03,956.0,-,VH,54
Fe,0.029,987.0,-,VH,54
Fe,0.026,1030.0,-,VH,54
Fe,0.019,1005.0,-,VH,54
Fe,0.016,1140.0,-,VH,54
Fe,0.011,1303.0,-,VH,54
W,7.4,1843.0,-,VH,68
W,7.0,1785.0,-,VH,68
W,6.9,1727.0,-,VH,68
W,0.52,2541.0,-,VH,68
W,0.4,2994.0,-,VH,68
W,0.37,2604.0,-,VH,68
W,0.21,3321.0,-,VH,68
W,0.18,3813.0,-,VH,68
W,0.17,4178.0,-,VH,68
W,1.0,1375.0,0.002,TT,67
W,0.92,1438.0,0.002,TT,67
W,0.67,1563.0,0.002,TT,67
W,0.61,1688.0,0.002,TT,67
W,0.57,1738.0,0.002,TT,67
W,0.45,1675.0,0.002,TT,67
W,0.45,1875.0,0.002,TT,67
W,0.39,1845.0,0.002,TT,67
W,0.39,2000.0,0.002,TT,67
W,0.28,2125.0,0.002,TT,67
V,735.0,328.0,LYS,TT,12
V,347.0,334.0,LYS,TT,12
V,22.0,395.0,LYS,TT,12
V,15.0,410.0,LYS,TT,12
V,0.69,356.0,0.002,TT,13
V,2.0,422.0,0.002,TT,14
V,1.95,443.0,0.002,TT,14
V,1.61,473.0,0.002,TT,14
V,1.56,510.0,0.002,TT,14
V,1.25,525.0,0.002,TT,14
V,1.19,532.0,0.002,TT,14
V,1.19,552.0,0.002,TT,14
V,1.26,555.0,0.002,TT,14
V,1.07,554.0,0.002,TT,14
V,1.07,531.0,0.002,TT,14
V,0.93,595.0,0.002,TT,14
V,0.59,713.0,0.002,TT,14
V,0.55,753.0,0.002,TT,14
V,0.56,749.0,0.002,TT,14
V,124.0,183.0,0.002,TT,15
V,25.0,211.0,0.002,TT,15
V,3.3,250.0,0.002,TT,15
V,1.7,279.0,0.002,TT,15
V,1.2,365.0,0.002,TT,15
V,1.0,382.0,0.002,TT,15
V,0.7,451.0,0.002,TT,15
V,0.5,508.0,0.002,TT,15
V,0.23,643.0,0.002,TT,15
V,0.14,769.0,0.002,TT,15
V,12.7,284.0,0.002,TT,16
V,15.1,268.0,0.002,TT,16
V,15.9,273.0,0.002,TT,16
V,16.1,272.0,0.002,TT,16
V,16.7,271.0,0.002,TT,16
V,17.5,234.0,0.002,TT,16
V,20.3,262.0,0.002,TT,16
V,29.5,248.0,0.002,TT,16
V,38.5,243.0,0.002,TT,16
V,50.0,233.0,0.002,TT,16
V,167.0,214.0,0.002,TT,16
V,366.0,210.0,0.002,TT,16
V,171.0,137.0,LYS,TT,17
V,106.0,149.0,LYS,TT,17
V,103.0,143.0,LYS,TT,17
V,61.0,158.0,LYS,TT,17
V,61.0,168.0,LYS,TT,17
V,40.0,167.0,LYS,TT,17
V,26.0,181.0,LYS,TT,17
V,26.0,187.0,LYS,TT,17
V,0.1,2000.0,0.002,CT,18
Cr,1136.0,236.0,LYS,CT,59
Cr,208.0,241.0,LYS,CT,59
Cr,162.0,265.0,LYS,CT,59
Cr,95.0,266.0,LYS,CT,59
Cr,93.0,277.0,LYS,CT,59
Cr,81.0,285.0,LYS,CT,59
Cr,67.0,284.0,LYS,CT,59
Cr,62.0,310.0,LYS,CT,59
Cr,59.0,297.0,LYS,CT,59
Cr,36.0,354.0,LYS,CT,59
Cr,31.0,363.0,LYS,CT,59
Cr,56.0,594.0,-,VH,60
Cr,36.0,685.0,-,VH,60
Cr,11.0,731.0,-,VH,60
Cr,8.4,649.0,-,VH,60
Cr,6.2,695.0,-,VH,60
Cr,4.2,804.0,-,VH,60
Cr,4.2,905.0,-,VH,60
Cr,3.1,887.0,-,VH,60
Cr,2.5,951.0,-,VH,60
Cr,0.78,1253.0,-,VH,60
Cr,0.37,1783.0,-,VH,60
Cr,0.34,1920.0,-,VH,60
Cr,0.29,2039.0,-,VH,60
Cr,0.21,2396.0,-,VH,60
Cr,0.15,2680.0,-,VH,60
Cr,0.042,2752.0,-,NH,58
Cr,0.019,3535.0,-,NH,58
Cr,0.022,3359.0,-,NH,58
Cr,0.026,3180.0,-,NH,58
Cr,0.033,2956.0,-,NH,58
Cr,0.057,2510.0,-,NH,58
Cr,82.0,400.0,-,VH,57
Cr,0.17,1667.0,-,VH,57
Cr,0.13,2000.0,-,VH,57
Nb,444.0,73.0,LYS,TT,29
Nb,118.0,88.0,LYS,TT,29
Nb,99.0,102.0,LYS,TT,29
Nb,55.0,113.0,LYS,TT,29
Nb,32.0,117.0,LYS,TT,29
Nb,331.0,60.0,LYS,TT,27
Nb,332.0,62.0,LYS,TT,27
Nb,265.0,62.0,LYS,TT,27
Nb,251.0,61.0,LYS,TT,27
Nb,279.0,59.0,LYS,TT,27
Nb,79.0,76.0,LYS,TT,27
Nb,94.0,81.0,LYS,TT,27
Nb,82.0,84.0,LYS,TT,27
Nb,62.0,83.0,LYS,TT,27
Nb,55.0,84.0,LYS,TT,27
Nb,53.0,88.0,LYS,TT,27
Nb,44.0,86.0,LYS,TT,27
Nb,42.0,86.0,LYS,TT,27
Nb,42.0,88.0,LYS,TT,27
Nb,30.0,102.0,LYS,TT,27
Nb,28.0,99.0,LYS,TT,27
Nb,27.0,105.0,LYS,TT,27
Nb,609.0,180.0,LYS,TT,19
Nb,501.0,171.0,LYS,TT,19
Nb,464.0,181.0,LYS,TT,19
Nb,433.0,177.0,LYS,TT,19
Nb,403.0,174.0,LYS,TT,19
Nb,368.0,189.0,LYS,TT,19
Nb,319.0,184.0,LYS,TT,19
Nb,324.0,178.0,LYS,TT,19
Nb,266.0,185.0,LYS,TT,19
Nb,191.0,182.0,LYS,TT,19
Nb,188.0,195.0,LYS,TT,19
Nb,195.0,204.0,LYS,TT,19
Nb,188.0,202.0,LYS,TT,19
Nb,171.0,201.0,LYS,TT,19
Nb,164.0,205.0,LYS,TT,19
Nb,108.0,206.0,LYS,TT,19
Nb,100.0,207.0,LYS,TT,19
Nb,79.0,219.0,LYS,TT,19
Nb,68.0,211.0,LYS,TT,19
Nb,71.0,223.0,LYS,TT,19
Nb,71.0,225.0,LYS,TT,19
Nb,62.0,231.0,LYS,TT,19
Nb,51.0,243.0,LYS,TT,19
Nb,44.0,243.0,LYS,TT,19
Nb,39.0,239.0,LYS,TT,19
Nb,37.0,257.0,LYS,TT,19
Nb,36.0,253.0,LYS,TT,19
Nb,33.0,250.0,LYS,TT,19
Nb,214.0,164.0,LYS,TT,20
Nb,202.0,197.0,LYS,TT,20
Nb,8.6,193.0,LYS,TT,20
Nb,8.7,248.0,LYS,TT,20
Nb,6.6,253.0,LYS,TT,20
Nb,0.11,843.0,-,VH,22
Nb,0.11,806.0,-,VH,22
Nb,0.1,600.0,-,VH,22
Nb,0.96,436.0,-,VH,22
Nb,1.5,426.0,-,VH,22
Nb,0.075,1600.0,-,VH,28
Nb,0.08,1376.0,-,VH,28
Nb,0.09,1230.0,-,VH,28
Nb,0.115,1200.0,-,VH,28
Nb,0.21,1146.0,-,VH,28
Nb,0.113,843.0,-,VH,21
Nb,0.115,806.0,-,VH,21
Nb,0.1,600.0,-,VH,21
Nb,0.965,436.0,-,VH,21
Nb,0.161,836.0,-,VH,21
Nb,0.129,784.0,-,VH,21
Nb,0.237,512.0,-,VH,21
Nb,1.09,383.0,-,VH,21
Nb,0.91,350.0,-,VH,21
Nb,875.0,163.0,LYS,TT,23
Nb,807.0,158.0,LYS,TT,23
Nb,92.0,167.0,LYS,TT,23
Nb,29.0,180.0,LYS,TT,23
Nb,29.0,185.0,LYS,TT,23
Nb,483.0,134.0,LYS,TT,24
Nb,220.0,137.0,LYS,TT,24
Nb,218.0,140.0,LYS,TT,24
Nb,44.0,146.0,LYS,TT,24
Nb,44.0,154.0,LYS,TT,24
Nb,1342.0,135.0,LYS,TT,25
Nb,48.0,149.0,LYS,TT,25
Nb,163.0,180.0,LYS,TT,26
Nb,140.0,157.0,LYS,TT,26
Nb,80.0,169.0,LYS,TT,26
Nb,63.0,136.0,LYS,TT,26
Nb,44.0,141.0,LYS,TT,26
Nb,37.0,173.0,LYS,TT,26
Mo,259.0,234.0,LYS,TT,61
Mo,259.0,218.0,LYS,TT,61
Mo,222.0,234.0,LYS,TT,61
Mo,224.0,214.0,LYS,TT,61
Mo,108.0,240.0,LYS,TT,61
Mo,108.0,217.0,LYS,TT,61
Mo,73.0,334.0,LYS,TT,61
Mo,74.0,302.0,LYS,TT,61
Mo,66.0,308.0,LYS,TT,61
Mo,64.0,338.0,LYS,TT,61
Mo,64.0,285.0,LYS,TT,61
Mo,56.0,334.0,LYS,TT,61
Mo,56.0,318.0,LYS,TT,61
Mo,56.0,380.0,LYS,TT,61
Mo,42.0,389.0,LYS,TT,61
Mo,43.0,373.0,LYS,TT,61
Mo,32.0,389.0,LYS,TT,61
Mo,32.0,435.0,LYS,TT,61
Mo,451.0,176.0,LYS,TT,62
Mo,365.0,168.0,LYS,TT,62
Mo,404.0,159.0,LYS,TT,62
Mo,331.0,160.0,LYS,TT,62
Mo,275.0,176.0,LYS,TT,62
Mo,205.0,170.0,LYS,TT,62
Mo,165.0,183.0,LYS,TT,62
Mo,139.0,178.0,LYS,TT,62
Mo,419.0,134.0,LYS,TT,62
Mo,301.0,150.0,LYS,TT,62
Mo,44.0,236.0,LYS,TT,62
Mo,60.0,254.0,LYS,TT,62
Mo,47.0,263.0,LYS,TT,62
Mo,35.0,292.0,LYS,TT,62
Mo,38.0,304.0,LYS,TT,62
Mo,33.0,316.0,LYS,TT,62
Mo,31.0,322.0,LYS,TT,62
Mo,28.0,335.0,LYS,TT,62
Mo,28.0,321.0,LYS,TT,62
Mo,27.0,321.0,LYS,TT,62
Mo,482.0,135.0,LYS,TT,63
Mo,81.0,239.0,LYS,TT,63
Mo,19.0,377.0,LYS,TT,63
Mo,77.0,358.0,UTS,TT,64
Mo,13.0,390.0,UTS,TT,64
Mo,10.0,564.0,UTS,TT,64
Mo,7.0,629.0,UTS,TT,64
Mo,6.0,618.0,UTS,TT,64
Mo,3.8,726.0,UTS,TT,64
Mo,4.3,813.0,UTS,TT,64
Mo,3.5,943.0,UTS,TT,64
Mo,3.0,867.0,UTS,TT,64
Mo,2.5,965.0,UTS,TT,64
Mo,1.6,1399.0,UTS,TT,64
Mo,1.3,1311.0,UTS,TT,64
Mo,0.86,1636.0,UTS,TT,64
Mo,0.17,1832.0,-,VH,65
Mo,0.09,2264.0,-,VH,65
Mo,0.08,2318.0,-,VH,65
Mo,0.08,2882.0,-,VH,65
Mo,0.04,3772.0,-,VH,65
Mo,0.04,3745.0,-,VH,65
Mo,0.03,3423.0,-,VH,65
Mo,0.02,3909.0,-,VH,65
Mo,517.0,229.0,LYS,TT,66
Mo,260.0,240.0,LYS,TT,66
Mo,33.0,376.0,LYS,TT,66
Mo,33.0,374.0,LYS,TT,66
Ta,3862.0,142.0,LYS,TT,31
Ta,3685.0,133.0,LYS,TT,31
Ta,2548.0,139.0,LYS,TT,31
Ta,2551.0,150.0,LYS,TT,31
Ta,74.0,166.0,LYS,TT,31
Ta,64.0,165.0,LYS,TT,31
Ta,55.0,194.0,LYS,TT,31
Ta,43.0,189.0,LYS,TT,31
Ta,39.0,196.0,LYS,TT,31
Ta,35.0,214.0,LYS,TT,31
Ta,34.0,209.0,LYS,TT,31
Ta,32.0,194.0,LYS,TT,31
Ta,27.0,217.0,LYS,TT,31
Ta,23.0,229.0,LYS,TT,31
Ta,20.0,232.0,LYS,TT,31
Ta,18.0,221.0,LYS,TT,31
Ta,1.2,678.0,0.002,TT,14
Ta,0.72,806.0,0.002,TT,14
Ta,0.63,853.0,0.002,TT,14
Ta,0.52,923.0,0.002,TT,14
Ta,906.0,221.0,LYS,TT,32
Ta,846.0,230.0,LYS,TT,32
Ta,601.0,202.0,LYS,TT,32
Ta,213.0,225.0,LYS,TT,32
Ta,174.0,235.0,LYS,TT,32
Ta,175.0,240.0,LYS,TT,32
Ta,55.0,254.0,LYS,TT,32
Ta,55.0,258.0,LYS,TT,32
Ta,48.0,262.0,LYS,TT,32
Ta,36.0,264.0,LYS,TT,32
Ta,32.0,258.0,LYS,TT,32
Ta,24.0,276.0,LYS,TT,32
Ta,380.0,292.0,-,VH,33
Ta,283.0,295.0,-,VH,33
Ta,310.0,297.0,-,VH,33
Ta,318.0,276.0,-,VH,33
Ta,154.0,270.0,-,VH,33
Ta,97.0,275.0,-,VH,33
Ta,96.0,288.0,-,VH,33
Ta,70.0,267.0,-,VH,33
Ta,63.0,263.0,-,VH,33
Ta,64.0,269.0,-,VH,33
Ta,46.0,272.0,-,VH,33
Ta,42.0,272.0,-,VH,33
Ta,34.0,276.0,-,VH,33
Ta,39.0,293.0,-,VH,33
Ta,21.0,306.0,-,VH,33
Ta,14.0,301.0,-,VH,33
Ta,15.0,314.0,-,VH,33
Ta,16.0,317.0,-,VH,33
Ta,18.0,323.0,-,VH,33
Ta,18.0,321.0,-,VH,33
Ta,17.0,323.0,-,VH,33
Ta,16.0,322.0,-,VH,33
Ta,16.0,325.0,-,VH,33
Ta,15.0,329.0,-,VH,33
Ta,13.0,327.0,-,VH,33
Ta,13.0,319.0,-,VH,33
Ta,12.0,332.0,-,VH,33
Ta,11.0,329.0,-,VH,33
Ta,0.38,693.0,-,VH,33
Ta,0.29,765.0,-,VH,33
Ta,0.26,721.0,-,VH,33
Ta,0.25,708.0,-,VH,33
Ta,0.22,719.0,-,VH,33
Ta,0.076,3867.0,-,NH,35
Ta,0.043,3592.0,-,NH,30
Ta,0.031,4134.0,-,NH,30
Ta,0.036,5197.0,-,NH,30
Ta,0.036,4287.0,-,NH,36
Ta,0.047,3847.0,-,NH,37
Ta,0.038,4056.0,-,NH,37
Cu,240.0,29.0,0.002,TT,72
Cu,320.0,30.0,0.002,TT,72
Cu,50.0,33.0,0.002,TT,72
Cu,50.0,34.0,0.002,TT,72
Cu,57.0,32.0,0.002,TT,72
Cu,39.0,32.0,0.002,TT,72
Cu,46.0,38.0,0.002,TT,72
Cu,26.0,51.0,0.002,TT,72
Cu,30.0,38.0,0.002,TT,72
Cu,32.0,38.0,0.002,TT,72
Cu,33.0,38.0,0.002,TT,72
Cu,32.0,41.0,0.002,TT,72
Cu,174.0,27.0,0.005,TT,85
Cu,43.0,35.0,0.005,TT,85
Cu,16.0,50.0,0.005,TT,85
Cu,6.0,76.0,0.005,TT,85
Cu,3.0,99.0,0.005,TT,85
Cu,8.0,74.0,0.002,TT,73
Cu,0.13,430.0,0.002,TT,73
Cu,0.09,480.0,0.002,TT,73
Cu,223.0,102.0,0.05,TT,71
Cu,121.0,105.0,0.05,TT,71
Cu,110.0,105.0,0.05,TT,71
Cu,100.0,107.0,0.05,TT,71
Cu,90.0,112.0,0.05,TT,71
Cu,93.0,116.0,0.05,TT,71
Cu,72.0,110.0,0.05,TT,71
Cu,50.0,116.0,0.05,TT,71
Cu,49.0,122.0,0.05,TT,71
Cu,36.0,117.0,0.05,TT,71
Cu,34.0,123.0,0.05,TT,71
Cu,32.0,127.0,0.05,TT,71
Cu,27.0,124.0,0.05,TT,71
Cu,24.0,126.0,0.05,TT,71
Cu,20.0,132.0,0.05,TT,71
Cu,20.0,130.0,0.05,TT,71
Cu,18.0,128.0,0.05,TT,71
Cu,17.0,135.0,0.05,TT,71
Cu,15.0,133.0,0.05,TT,71
Cu,14.0,137.0,0.05,TT,71
Cu,12.0,138.0,0.05,TT,71
Cu,55.0,38.0,0.01,TT,70
Cu,40.0,43.0,0.01,TT,70
Cu,21.0,48.0,0.01,TT,70
Cu,16.0,52.0,0.01,TT,70
Cu,10.0,60.0,0.01,TT,70
Cu,0.116,473.0,-,VH,74
Cu,0.045,511.0,-,VH,74
Cu,0.051,667.0,-,VH,74
Cu,0.032,589.0,-,VH,74
Cu,0.035,791.0,-,VH,74
Cu,0.035,782.0,-,VH,74
Cu,0.025,662.0,-,VH,74
Cu,0.026,802.0,-,VH,74
Cu,0.025,774.0,-,VH,74
Cu,0.024,769.0,-,VH,74
Cu,0.022,772.0,-,VH,74
Cu,0.023,758.0,-,VH,74
Cu,0.018,700.0,-,VH,74
Cu,0.018,751.0,-,VH,74
Cu,0.018,767.0,-,VH,74
Cu,0.019,808.0,-,VH,74
Cu,0.02,819.0,-,VH,74
Cu,0.021,890.0,-,VH,74
Cu,0.018,893.0,-,VH,74
Cu,0.017,841.0,-,VH,74
Cu,0.016,848.0,-,VH,74
Cu,0.015,884.0,-,VH,74
Cu,0.016,809.0,-,VH,74
Cu,0.016,815.0,-,VH,74
Cu,0.012,847.0,-,VH,74
Cu,0.011,774.0,-,VH,74
Cu,0.01,789.0,-,VH,74
Cu,0.01,828.0,-,VH,74
Cu,0.007,809.0,-,VH,74
Cu,22.0,213.0,-,VH,75
Cu,0.113,489.0,-,VH,75
Cu,0.048,708.0,-,VH,75
Cu,0.025,827.0,-,VH,75
Cu,0.022,797.0,-,VH,75
Cu,0.016,853.0,-,VH,75
Cu,0.01,1006.0,-,VH,76
Cu,0.042,583.0,-,VH,76
Cu,0.032,645.0,-,VH,76
Cu,0.554,505.0,-,VH,76
Cu,0.335,678.0,-,VH,76
Cu,0.179,735.0,-,VH,76
Cu,0.152,817.0,-,VH,76
Cu,0.031,864.0,-,VH,76
Cu,0.751,186.0,0.002,CT,76
Cu,0.349,227.0,0.002,CT,76
Cu,0.116,311.0,0.002,CT,76
Cu,0.051,461.0,0.002,CT,76
Cu,0.032,592.0,0.002,CT,76
Cu,0.027,629.0,0.002,CT,76
Cu,0.022,683.0,0.002,CT,76
Cu,8.0,65.0,0.002,TT,78
Cu,20.0,52.0,0.002,TT,78
Cu,20.0,46.0,0.002,TT,78
Cu,34.0,43.0,0.002,TT,78
Cu,33.0,47.0,0.002,TT,78
Cu,82.0,39.0,0.002,TT,78
Cu,87.0,37.0,0.002,TT,78
Cu,8.0,61.0,0.002,TT,78
Cu,6.0,70.0,0.002,TT,78
Cu,6.0,74.0,0.002,TT,78
Cu,21.0,212.0,-,VH,86
Cu,18.0,214.0,-,VH,86
Cu,15.0,219.0,-,VH,86
Cu,17.0,222.0,-,VH,86
Cu,13.0,234.0,-,VH,86
Cu,11.0,242.0,-,VH,86
Cu,9.0,243.0,-,VH,86
Cu,8.0,247.0,-,VH,86
Cu,6.0,253.0,-,VH,86
Cu,0.016,732.0,-,VH,86
Cu,0.014,667.0,-,VH,86
Cu,0.009,554.0,-,VH,86
Cu,0.008,483.0,-,VH,86
Cu,36.0,170.0,-,VH,79
Cu,0.049,365.0,-,VH,79
Cu,0.032,545.0,-,VH,79
Cu,0.01,505.0,-,VH,79
Cu,0.015,735.0,-,VH,79
Cu,0.006,826.0,-,VH,79
Cu,0.006,867.0,-,VH,79
Cu,0.005,733.0,-,VH,79
Cu,0.026,720.0,-,VH,80
Cu,0.029,811.0,-,VH,80
Cu,0.013,710.0,-,VH,80
Cu,0.015,770.0,-,VH,80
Cu,0.013,841.0,-,VH,80
Cu,0.01,841.0,-,VH,80
Cu,0.009,866.0,-,VH,80
Cu,0.009,886.0,-,VH,80
Cu,0.008,880.0,-,VH,80
Cu,0.005,857.0,-,VH,80
Cu,0.014,823.0,-,VH,80
Cu,0.014,763.0,-,VH,80
Cu,0.012,752.0,-,VH,80
Cu,0.011,794.0,-,VH,80
Cu,0.01,778.0,-,VH,80
Cu,0.011,881.0,-,VH,80
Cu,0.009,861.0,-,VH,80
Cu,0.007,843.0,-,VH,80
Cu,0.004,838.0,-,VH,80
Cu,0.004,870.0,-,VH,80
Cu,0.026,705.0,-,VH,80
Cu,0.028,803.0,-,VH,80
Cu,0.013,702.0,-,VH,80
Cu,0.015,759.0,-,VH,80
Cu,0.013,834.0,-,VH,80
Cu,0.01,828.0,-,VH,80
Cu,0.009,879.0,-,VH,80
Cu,0.009,860.0,-,VH,80
Cu,0.008,874.0,-,VH,80
Cu,0.005,846.0,-,VH,80
Cu,0.422,103.0,-,MDBT,81
Cu,49.0,56.0,-,MDBT,81
Cu,237.0,75.0,-,MDBT,81
Cu,14.0,131.0,-,MDBT,81
Cu,105.0,98.0,-,MDBT,81
Cu,12.0,132.0,-,MDBT,81
Cu,12.0,177.0,-,MDBT,81
Cu,40.0,20.0,-,MDBT,81
Cu,21.0,36.0,-,MDBT,81
Cu,17.0,60.0,-,MDBT,81
Cu,6.0,98.0,-,MDBT,81
Cu,5.0,150.0,-,MDBT,81
Cu,1.4,221.0,-,MDBT,81
Cu,1.2,203.0,-,MDBT,81
Cu,0.31,193.0,-,MDBT,81
Cu,0.14,361.0,-,MDBT,81
Cu,0.12,390.0,-,MDBT,81
Cu,0.55,505.0,-,VH,82
Cu,0.34,678.0,-,VH,82
Cu,0.18,735.0,-,VH,82
Cu,0.15,817.0,-,VH,82
Cu,0.031,864.0,-,VH,82
Cu,0.038,400.0,-,VH,83
Cu,0.055,306.0,-,VH,83
Cu,1.6,219.0,-,VH,84
Cu,0.89,384.0,-,VH,84
Cu,0.47,497.0,-,VH,84
Cu,0.36,516.0,-,VH,84
Cu,0.15,600.0,-,VH,84
Cu,153.0,14.0,0.002,TT,69
Cu,40.0,23.0,0.002,TT,69
Cu,15.0,38.0,0.002,TT,69
Cu,6.0,62.0,0.002,TT,69
Cu,3.0,83.0,0.002,TT,69
Cu,0.79,190.0,0.002,CT,77
Cu,0.35,228.0,0.002,CT,77
Cu,0.12,306.0,0.002,CT,77
Cu,0.051,464.0,0.002,CT,77
Cu,0.032,585.0,0.002,CT,77
Cu,0.027,621.0,0.002,CT,77
Cu,0.022,677.0,0.002,CT,77
Ag,58.0,38.0,0.002,TT,87
Ag,39.0,45.0,0.002,TT,87
Ag,25.0,51.0,0.002,TT,87
Ag,22.0,63.0,0.002,TT,87
Ag,17.0,65.0,0.002,TT,87
Ag,15.0,62.0,0.002,TT,87
Ag,10.0,70.0,0.002,TT,87
Ag,8.6,84.0,0.002,TT,87
Ag,6.4,105.0,0.002,TT,87
Ag,5.6,133.0,0.002,TT,87
Ag,2.9,111.0,0.002,TT,87
Ag,2.9,121.0,0.002,TT,87
Ag,2.6,130.0,0.002,TT,87
Ag,2.6,136.0,0.002,TT,87
Ag,2.6,161.0,0.002,TT,87
Ag,1.6,119.0,0.002,TT,87
Ag,1.6,163.0,0.002,TT,87
Ag,1.4,148.0,0.002,TT,87
Ag,1.4,185.0,0.002,TT,87
Ag,1.1,172.0,0.002,TT,87
Ag,1.2,210.0,0.002,TT,87
Ag,0.31,303.0,-,VH,88
Ag,0.28,301.0,-,VH,88
Ag,0.24,296.0,-,VH,88
Ag,0.21,319.0,-,VH,88
Ag,0.18,303.0,-,VH,88
Ag,0.15,329.0,-,VH,88
Ag,0.074,377.0,-,VH,88
Ag,0.06,419.0,-,VH,88
Ag,0.11,287.0,-,VH,89
Ag,0.084,274.0,-,VH,89
Ag,0.063,292.0,-,VH,89
Ag,0.036,356.0,-,VH,89
Ag,0.02,435.0,-,VH,89
Ag,0.017,462.0,-,VH,89
Ag,17.0,47.0,0.002,TT,90
Ag,18.0,49.0,0.002,TT,90
Ag,39.0,34.0,0.002,TT,90
Ag,41.0,42.0,0.002,TT,90
Ag,41.0,44.0,0.002,TT,90
Ag,234.0,36.0,0.002,TT,90
Ag,291.0,36.0,0.002,TT,90
Ag,0.66,108.0,-,VH,91
Ag,0.43,229.0,-,VH,91
Ag,0.12,280.0,-,VH,91
Ag,0.028,402.0,-,VH,91
Ag,0.008,491.0,-,VH,91
Au,21.0,156.0,-,VH,92
Au,9.0,160.0,-,VH,92
Au,3.0,203.0,-,VH,92
Au,0.78,219.0,-,VH,92
Au,0.23,323.0,-,VH,92
Au,0.15,382.0,-,VH,92
Au,0.12,408.0,-,VH,92
Au,0.093,458.0,-,VH,92
Au,0.045,544.0,-,VH,92
Au,0.033,600.0,-,VH,92
Au,0.021,675.0,-,VH,92
Au,0.066,188.0,-,VH,93
Au,0.057,172.0,-,VH,93
Au,0.039,194.0,-,VH,93
Au,0.05,229.0,-,VH,93
Au,0.048,285.0,-,VH,93
Au,0.044,302.0,-,VH,93
Au,0.032,290.0,-,VH,93
Au,0.029,298.0,-,VH,93
Au,0.026,272.0,-,VH,93
Au,0.031,368.0,-,VH,93
Au,0.027,372.0,-,VH,93
Au,0.031,450.0,-,VH,93
Au,0.015,640.0,-,VH,93
Au,27.0,35.0,0.002,TT,94
Au,29.0,44.0,0.002,TT,94
Au,4.2,91.0,0.002,TT,94
Au,2.6,132.0,0.002,TT,94
Au,2.1,144.0,0.002,TT,94
Au,2.0,197.0,0.002,TT,94
Au,0.04,308.0,0.002,TT,95
Au,0.05,310.0,0.002,TT,95
Au,0.1,235.0,0.002,TT,95
Ni,463.0,50.0,0.002,TT,96
Ni,360.0,54.0,0.002,TT,96
Ni,302.0,56.0,0.002,TT,96
Ni,95.0,66.0,0.002,TT,96
Ni,43.0,84.0,0.002,TT,96
Ni,35.0,96.0,0.002,TT,96
Ni,240.0,57.0,0.002,TT,98
Ni,23.0,100.0,0.002,TT,98
Ni,21.0,94.0,0.002,TT,98
Ni,10.0,129.0,0.002,TT,98
Ni,112.0,51.0,0.002,TT,99
Ni,44.0,91.0,0.002,TT,99
Ni,25.0,108.0,0.002,TT,99
Ni,25.0,129.0,0.002,TT,99
Ni,2.4,224.0,0.002,TT,99
Ni,0.38,563.0,0.002,TT,99
Ni,0.29,648.0,0.002,TT,99
Ni,0.23,685.0,0.002,TT,99
Ni,0.21,735.0,0.002,TT,99
Ni,131.0,30.0,0.002,TT,100
Ni,87.0,34.0,0.002,TT,100
Ni,24.0,62.0,0.002,TT,100
Ni,10.0,78.0,0.002,TT,100
Ni,13.0,283.0,-,VH,101
Ni,1.3,423.0,-,VH,101
Ni,0.57,507.0,-,VH,101
Ni,0.07,667.0,-,VH,101
Ni,0.66,627.0,-,VH,101
Ni,0.34,733.0,-,VH,101
Ni,0.012,2130.0,-,VH,101
Ni,0.012,2283.0,-,VH,101
Ni,65.0,414.0,-,VH,102
Ni,0.099,1168.0,-,VH,102
Ni,0.021,2036.0,-,VH,102
Ni,0.015,2120.0,-,VH,102
Ni,0.011,2151.0,-,VH,102
Ni,0.33,387.0,0.001,TT,103
Ni,0.33,495.0,0.001,TT,103
Ni,0.34,603.0,0.001,TT,103
Ni,0.094,821.0,0.001,TT,103
Ni,0.098,883.0,0.001,TT,103
Ni,0.085,893.0,0.001,TT,103
Ni,0.072,871.0,0.001,TT,103
Ni,0.037,1014.0,0.001,TT,103
Ni,0.053,997.0,0.001,TT,103
Ni,0.037,1157.0,0.001,TT,103
Ni,0.042,1198.0,0.001,TT,103
Ni,0.037,1221.0,0.001,TT,103
Ni,0.034,1116.0,0.001,TT,103
Ni,0.066,895.0,0.001,TT,103
Ni,25.0,46.0,0.001,TT,104
Ni,55.0,27.0,0.001,TT,104
Ni,75.0,24.0,0.001,TT,104
Ni,125.0,18.0,0.001,TT,104
Ni,0.13,1434.0,-,VH,105
Ni,0.12,1506.0,-,VH,105
Ni,0.11,1578.0,-,VH,105
Ni,0.092,1664.0,-,VH,105
Ni,0.022,1294.0,-,NH,106
Ni,0.018,1589.0,-,NH,106
Ni,0.014,2121.0,-,NH,106
Ni,0.012,1998.0,-,NH,106
Ni,107.0,33.0,0.002,TT,97
Ni,40.0,39.0,0.002,TT,97
Ni,25.0,43.0,0.002,TT,97
Ni,16.0,55.0,0.002,TT,97
Ni,0.01,4200.0,-,NH,107
Ni,0.012,3800.0,-,NH,107
Ni,0.018,3333.0,-,NH,107
Ni,0.022,3733.0,-,NH,107
Ni,0.024,3167.0,-,NH,107
Ni,0.029,2633.0,-,NH,107
Ni,0.031,2500.0,-,NH,107
Ni,0.032,2733.0,-,NH,107
Ni,0.12,1433.0,-,NH,107
Ni,0.17,1233.0,-,NH,107
Ni,0.67,933.0,-,NH,107
Al,2029.0,17.0,0.002,TT,110
Al,1047.0,15.0,0.002,TT,110
Al,344.0,18.0,0.002,TT,110
Al,244.0,20.0,0.002,TT,110
Al,186.0,20.0,0.002,TT,110
Al,104.0,17.0,0.002,TT,110
Al,75.0,19.0,0.002,TT,110
Al,54.0,19.0,0.002,TT,110
Al,46.0,23.0,0.002,TT,110
Al,41.0,21.0,0.002,TT,110
Al,17.0,24.0,0.002,TT,110
Al,14.0,25.0,0.002,TT,110
Al,12.0,30.0,0.002,TT,110
Al,575.0,12.0,0.002,TT,109
Al,483.0,12.0,0.002,TT,109
Al,483.0,11.0,0.002,TT,109
Al,347.0,13.0,0.002,TT,109
Al,325.0,14.0,0.002,TT,109
Al,269.0,13.0,0.002,TT,109
Al,269.0,13.0,0.002,TT,109
Al,245.0,12.0,0.002,TT,109
Al,229.0,13.0,0.002,TT,109
Al,221.0,14.0,0.002,TT,109
Al,193.0,14.0,0.002,TT,109
Al,184.0,13.0,0.002,TT,109
Al,173.0,15.0,0.002,TT,109
Al,130.0,16.0,0.002,TT,109
Al,132.0,14.0,0.002,TT,109
Al,121.0,15.0,0.002,TT,109
Al,111.0,16.0,0.002,TT,109
Al,103.0,17.0,0.002,TT,109
Al,100.0,15.0,0.002,TT,109
Al,73.0,16.0,0.002,TT,109
Al,58.0,18.0,0.002,TT,109
Al,49.0,19.0,0.002,TT,109
Al,48.0,18.0,0.002,TT,109
Al,37.0,21.0,0.002,TT,109
Al,1246.0,6.0,0.002,TT,108
Al,975.0,6.0,0.002,TT,108
Al,947.0,7.0,0.002,TT,108
Al,550.0,9.0,0.002,TT,108
Al,592.0,7.0,0.002,TT,108
Al,294.0,7.0,0.002,TT,108
Al,250.0,9.0,0.002,TT,108
Al,223.0,8.0,0.002,TT,108
Al,205.0,10.0,0.002,TT,108
Al,189.0,11.0,0.002,TT,108
Al,177.0,11.0,0.002,TT,108
Al,156.0,10.0,0.002,TT,108
Al,139.0,10.0,0.002,TT,108
Al,142.0,8.0,0.002,TT,108
Al,132.0,8.0,0.002,TT,108
Al,104.0,9.0,0.002,TT,108
Al,48.0,11.0,0.002,TT,108
Al,34.0,14.0,0.002,TT,108
Al,441.0,18.0,0.002,TT,111
Al,250.0,17.0,0.002,TT,111
Al,186.0,18.0,0.002,TT,111
Al,123.0,17.0,0.002,TT,111
Al,82.0,18.0,0.002,TT,111
Al,41.0,23.0,0.002,TT,111
Al,35.0,19.0,0.002,TT,111
Al,16.0,25.0,0.002,TT,111
Al,14.0,22.0,0.002,TT,111
Al,12.0,25.0,0.002,TT,111
Al,8.4,26.0,0.002,TT,111
Al,7.6,29.0,0.002,TT,111
Al,5.1,30.0,0.002,TT,111
Al,4.1,40.0,0.002,TT,111
Al,3.1,37.0,0.002,TT,111
Al,2.0,48.0,0.002,TT,111
Al,880.0,5.0,0.002,TT,112
Al,638.0,4.0,0.002,TT,112
Al,416.0,4.0,0.002,TT,112
Al,279.0,4.0,0.002,TT,112
Al,260.0,6.0,0.002,TT,112
Al,160.0,4.0,0.002,TT,112
Al,146.0,6.0,0.002,TT,112
Al,94.0,5.0,0.002,TT,112
Al,86.0,6.0,0.002,TT,112
Al,72.0,6.0,0.002,TT,112
Al,62.0,4.0,0.002,TT,112
Al,59.0,6.0,0.002,TT,112
Al,56.0,8.0,0.002,TT,112
Al,43.0,6.0,0.002,TT,112
Al,41.0,8.0,0.002,TT,112
Al,32.0,7.0,0.002,TT,112
Al,24.0,7.0,0.002,TT,112
Al,22.0,8.0,0.002,TT,112
Al,2.3,17.0,0.002,TT,113
Al,1.8,17.0,0.002,TT,113
Al,1.1,18.0,0.002,TT,113
Al,1.1,19.0,0.002,TT,113
Al,0.6,26.0,0.002,TT,113
Al,8.3,37.0,0.002,TT,114
Al,6.6,40.0,0.002,TT,114
Al,5.5,39.0,0.002,TT,114
Al,4.2,35.0,0.002,TT,114
Al,3.3,55.0,0.002,TT,114
Al,1.6,88.0,0.002,TT,114
Al,1.1,134.0,0.002,TT,114
Al,1.0,147.0,0.002,TT,114
Al,0.71,174.0,0.002,TT,114
Al,0.6,203.0,0.002,TT,114
Al,0.46,224.0,0.002,TT,114
Al,0.42,251.0,0.002,TT,114
Al,0.35,269.0,0.002,TT,114
Al,0.34,263.0,0.002,TT,114
Al,0.33,269.0,0.002,TT,114
Al,47.0,64.0,-,VH,115
Al,19.0,78.0,-,VH,115
Al,3.0,92.0,-,VH,115
Al,2.2,100.0,-,VH,115
Al,1.4,121.0,-,VH,115
Al,1.1,124.0,-,VH,115
Al,0.58,141.0,-,VH,115
Al,0.18,329.0,0.002,TT,116
Al,0.16,346.0,0.002,TT,116
Al,0.12,379.0,0.002,TT,116
Al,45.0,47.0,0.002,TT,117
Al,12.0,56.0,0.002,TT,117
Al,12.0,63.0,0.002,TT,117
Al,3.7,70.0,0.002,TT,117
Al,3.5,75.0,0.002,TT,117
Al,1.7,80.0,0.002,TT,117
Al,1.7,85.0,0.002,TT,117
Al,1.7,90.0,0.002,TT,117
Al,1.0,141.0,0.002,TT,117
Al,0.77,181.0,0.002,TT,117
Al,0.6,201.0,0.002,TT,117
Al,0.47,224.0,0.002,TT,117
Al,0.47,228.0,0.002,TT,117
Al,0.12,84.0,0.002,CT,119
Al,0.08,92.0,0.002,CT,119
Al,0.06,238.0,0.002,CT,119
Al,0.05,343.0,0.002,CT,119
Al,0.04,457.0,0.002,CT,119
Al,0.69,149.0,0.002,CT,118
Al,0.17,248.0,0.002,CT,118
Al,0.08,358.0,0.002,CT,118
Al,0.08,382.0,0.002,CT,118
Al,11.0,42.0,0.002,TT,120
Al,2.1,58.0,0.002,TT,120
Al,1.2,109.0,0.002,TT,120
Al,0.88,137.0,0.002,TT,120
Al,0.7,138.0,0.002,TT,120
Al,0.4,187.0,0.002,TT,120
Al,0.28,211.0,0.002,TT,120
Al,0.27,199.0,0.002,TT,120
Al,0.18,283.0,0.002,TT,120
Al,0.16,300.0,0.002,TT,120
Al,0.12,328.0,0.002,TT,120
Al,28.0,30.0,0.005,TT,121
Al,39.0,29.0,0.005,TT,121
Al,46.0,25.0,0.005,TT,121
Al,65.0,22.0,0.005,TT,121
Al,140.0,21.0,0.005,TT,121
Al,16.0,50.0,0.003,TT,8
Al,47.0,39.0,0.003,TT,8
Al,48.0,36.0,0.003,TT,8
Al,117.0,28.0,0.003,TT,8
Al,119.0,36.0,0.003,TT,8
Al,145.0,28.0,0.003,TT,8
Al,143.0,25.0,0.003,TT,8
Al,314.0,15.0,0.003,TT,8
Al,311.0,20.0,0.003,TT,8
Al,311.0,23.0,0.003,TT,8
Al,20.0,32.0,0.002,CT,122
Al,1.7,63.0,0.002,CT,122
Al,0.78,117.0,0.002,CT,122
Al,0.35,197.0,0.002,CT,122
Ti,52.0,332.0,-,VH,132
Ti,28.0,336.0,-,VH,132
Ti,20.0,363.0,-,VH,132
Ti,15.0,354.0,-,VH,132
Ti,12.0,368.0,-,VH,132
Ti,9.7,372.0,-,VH,132
Ti,8.1,384.0,-,VH,132
Ti,6.7,384.0,-,VH,132
Ti,4.8,402.0,-,VH,132
Ti,4.8,417.0,-,VH,132
Ti,4.0,417.0,-,VH,132
Ti,3.0,457.0,-,VH,132
Ti,3.0,400.0,-,VH,132
Ti,2.5,430.0,-,VH,132
Ti,2.3,430.0,-,VH,132
Ti,2.0,447.0,-,VH,132
Ti,1.5,457.0,-,VH,132
Ti,1.4,453.0,-,VH,132
Ti,1.2,464.0,-,VH,132
Ti,1.2,505.0,-,VH,132
Ti,0.97,505.0,-,VH,132
Ti,0.86,500.0,-,VH,132
Ti,0.77,505.0,-,VH,132
Ti,0.53,549.0,-,VH,132
Ti,0.48,584.0,-,VH,132
Ti,0.43,607.0,-,VH,132
Ti,0.29,632.0,-,VH,132
Ti,0.24,685.0,-,VH,132
Ti,0.19,722.0,-,VH,132
Ti,223.0,268.0,-,VH,132
Ti,103.0,300.0,-,VH,132
Ti,59.0,305.0,-,VH,132
Ti,11.0,337.0,-,VH,132
Ti,102.0,91.0,0.002,TT,124
Ti,63.0,100.0,0.002,TT,124
Ti,32.0,122.0,0.002,TT,124
Ti,15.0,158.0,0.002,TT,124
Ti,8.6,188.0,0.002,TT,124
Ti,5.9,215.0,0.002,TT,124
Ti,0.048,960.0,-,VH,125
Ti,0.042,1203.0,-,VH,125
Ti,0.029,1413.0,-,VH,125
Ti,0.022,1497.0,-,VH,125
Ti,0.014,1733.0,-,VH,125
Ti,0.012,1887.0,-,VH,125
Ti,0.082,1174.0,0.002,TT,126
Ti,0.096,1107.0,0.002,TT,126
Ti,0.14,827.0,0.002,TT,126
Ti,0.22,730.0,0.002,TT,126
Ti,0.39,664.0,0.002,TT,126
Ti,0.69,634.0,0.002,TT,126
Ti,0.25,697.0,-,VH,127
Ti,0.17,772.0,-,VH,127
Ti,0.14,811.0,-,VH,127
Ti,0.12,919.0,-,VH,127
Ti,0.71,464.0,0.002,TT,128
Ti,0.51,476.0,0.002,TT,128
Ti,0.4,537.0,0.002,TT,128
Ti,0.3,632.0,0.002,TT,128
Ti,210.0,259.0,0.002,TT,129
Ti,94.0,297.0,0.002,TT,129
Ti,72.0,308.0,0.002,TT,129
Ti,35.0,319.0,0.002,TT,129
Ti,18.0,331.0,0.002,TT,129
Ti,7.0,389.0,0.002,TT,129
Ti,40.0,170.0,0.002,TT,123
Ti,3.4,228.0,0.002,TT,123
Ti,2.0,249.0,0.002,TT,123
Ti,1.1,291.0,0.002,TT,123
Ti,10.0,154.0,0.002,TT,130
Ti,60.0,152.0,0.002,TT,130
Ti,100.0,130.0,0.002,TT,130
Ti,227.0,107.0,0.002,TT,130
Ti,22.0,153.0,0.002,TT,131
Ti,5.0,203.0,0.002,TT,131
Ti,2.0,259.0,0.002,TT,131
Ti,1.0,326.0,0.002,TT,131
Be,55.0,228.0,0.002,TT,145
Be,43.0,241.0,0.002,TT,145
Be,30.0,262.0,0.002,TT,145
Be,23.0,283.0,0.002,TT,145
Be,15.0,351.0,0.002,TT,145
Be,51.0,97.0,0.002,TT,145
Be,31.0,152.0,0.002,TT,145
Be,20.0,165.0,0.002,TT,145
Be,10.0,420.0,0.002,TT,145
Be,6.0,488.0,0.002,TT,145
Be,51.0,212.0,0.002,TT,146
Be,51.0,205.0,0.002,TT,146
Be,27.0,235.0,0.002,TT,146
Be,13.0,295.0,0.002,TT,146
Be,13.0,289.0,0.002,TT,146
Be,13.0,284.0,0.002,TT,146
Be,5.0,342.0,0.002,TT,146
Be,5.0,337.0,0.002,TT,146
Be,5.0,384.0,0.002,TT,146
Be,5.0,379.0,0.002,TT,146
Be,91.0,152.0,0.002,TT,147
Be,72.0,155.0,0.002,TT,147
Be,58.0,163.0,0.002,TT,147
Be,42.0,172.0,0.002,TT,147
Be,9.9,267.0,0.002,TT,148
Be,9.6,288.0,0.002,TT,148
Be,6.9,268.0,0.002,TT,148
Be,7.0,290.0,0.002,TT,148
Be,5.7,315.0,0.002,TT,148
Be,5.6,347.0,0.002,TT,148
Be,4.7,445.0,0.002,TT,148
Be,4.6,466.0,0.002,TT,148
Be,3.7,426.0,0.002,TT,148
Be,3.6,417.0,0.002,TT,148
Be,3.1,515.0,0.002,TT,148
Be,58.0,222.0,0.002,-,149
Be,23.0,301.0,0.002,-,149
Be,16.0,308.0,0.002,-,149
Be,13.0,451.0,0.002,-,149
Be,6.0,631.0,0.002,-,149
Be,8.0,288.0,0.002,TT,150
Be,7.6,279.0,0.002,TT,150
Be,7.0,321.0,0.002,TT,150
Be,5.1,377.0,0.002,TT,150
Be,4.1,433.0,0.002,TT,150
Be,3.5,484.0,0.002,TT,150
Be,3.0,422.0,0.002,TT,150
Be,2.0,674.0,0.002,TT,150
Be,111.0,126.0,0.002,TT,151
Be,70.0,136.0,0.002,TT,151
Be,46.0,151.0,0.002,TT,151
Be,32.0,169.0,0.002,TT,151
Be,35.0,185.0,0.002,TT,151
Be,19.0,206.0,0.002,TT,151
Be,6.9,263.0,0.002,TT,151
Be,5.7,278.0,0.002,TT,151
Be,286.0,70.0,0.002,TT,152
Be,110.0,101.0,0.002,TT,152
Be,79.0,113.0,0.002,TT,152
Be,41.0,179.0,0.002,TT,153
Be,41.0,174.0,0.002,TT,153
Be,19.0,287.0,0.002,TT,153
Be,19.0,310.0,0.002,TT,153
Be,15.0,351.0,0.002,TT,153
Be,15.0,437.0,0.002,TT,153
Be,9.0,279.0,0.002,TT,154
Be,7.9,274.0,0.002,TT,154
Be,8.1,257.0,0.002,TT,154
Be,6.4,311.0,0.002,TT,154
Be,6.4,337.0,0.002,TT,154
Be,2.4,549.0,0.002,TT,154
Be,0.033,3166.0,-,NH,155
Be,17.0,550.0,-,VH,156
Be,13.0,547.0,-,VH,156
Be,7.9,615.0,-,VH,156
Be,3.9,746.0,-,VH,156
Be,2.7,838.0,-,VH,156
Be,50.086,98.71227892,0.002,TT,6
Be,30.558,151.9398261,1.002,TT,6
Be,20.661,161.3787526,2.002,TT,6
Be,9.7656,418.0086145,3.002,TT,6
Be,6.0966,488.5006408,4.002,TT,6
Zr,7.4,432.0,0.001,CT,135
Zr,7.3,468.0,0.001,CT,135
Zr,3.7,417.0,0.001,CT,135
Zr,2.6,444.0,0.001,CT,135
Zr,2.8,467.0,0.001,CT,135
Zr,1.8,459.0,0.001,CT,135
Zr,1.9,480.0,0.001,CT,135
Zr,0.98,496.0,0.001,CT,135
Zr,996.0,224.0,0.06,TT,134
Zr,118.0,312.0,0.06,TT,134
Zr,57.0,329.0,0.06,TT,134
Zr,29.0,354.0,0.06,TT,134
Zr,18.0,362.0,0.06,TT,134
Zr,11.0,386.0,0.06,TT,134
Zr,1.03,1066.0,-,NH,136
Zr,0.29,1193.0,-,NH,136
Zr,0.2,1251.0,-,NH,136
Zr,0.15,1289.0,-,NH,136
Zr,0.12,1343.0,-,NH,136
Zr,0.1,1400.0,-,NH,136
Zr,0.076,1470.0,-,NH,136
Zr,0.04,1615.0,-,NH,136
Zr,0.025,1779.0,-,NH,136
Zr,0.017,1833.0,-,NH,136
Zr,0.013,1905.0,-,NH,136
Zr,0.007,2006.0,-,NH,136
Zr,45.0,371.0,0.01,TT,133
Zr,45.0,377.0,0.01,TT,133
Zr,32.0,373.0,0.01,TT,133
Zr,26.0,400.0,0.01,TT,133
Zr,25.0,387.0,0.01,TT,133
Zr,22.0,400.0,0.01,TT,133
Zr,20.0,391.0,0.01,TT,133
Zr,18.0,398.0,0.01,TT,133
Zr,16.0,381.0,0.01,TT,133
Zr,15.0,396.0,0.01,TT,133
Zr,13.0,382.0,0.01,TT,133
Zr,11.0,402.0,0.01,TT,133
Zr,8.0,402.0,0.01,TT,133
Zr,5.0,431.0,0.01,TT,133
Zr,5.0,437.0,0.01,TT,133
Zr,5.0,428.0,0.01,TT,133
Zr,28.0,185.0,0.002,TT,137
Zr,0.9,350.0,0.002,TT,137
Zr,0.4,428.0,0.002,TT,137
Mg,994.0,14.0,0.002,TT,7
Mg,240.0,30.0,0.002,TT,7
Mg,65.0,35.0,0.002,TT,7
Mg,26.0,55.0,0.002,TT,7
Mg,145.0,59.0,0.001,TT,157
Mg,354.0,50.0,0.001,TT,157
Mg,74.0,55.0,0.001,TT,157
Mg,30.0,75.0,0.001,TT,157
Mg,16.0,86.0,0.001,TT,157
Mg,384.0,52.0,0.001,TT,157
Mg,20.0,83.0,0.001,TT,157
Mg,23.0,81.0,0.001,TT,157
Mg,25.0,82.0,0.001,TT,157
Mg,18.0,89.0,0.001,TT,157
Mg,12.0,101.0,0.001,TT,157
Mg,10.0,100.0,0.001,TT,157
Mg,365.0,21.0,0.001,TT,157
Mg,377.0,24.0,0.001,TT,157
Mg,72.0,31.0,0.001,TT,157
Mg,30.0,36.0,0.001,TT,157
Mg,17.0,44.0,0.001,TT,157
Mg,371.0,27.0,0.001,TT,157
Mg,17.0,46.0,0.001,TT,157
Mg,17.0,48.0,0.001,TT,157
Mg,17.0,51.0,0.001,TT,157
Mg,14.0,55.0,0.001,TT,157
Mg,165.0,115.0,0.002,TT,10
Mg,101.0,123.0,0.002,TT,10
Mg,82.0,126.0,0.002,TT,10
Mg,42.0,131.0,0.002,TT,10
Mg,31.0,141.0,0.002,TT,10
Mg,23.0,145.0,0.002,TT,10
Mg,21.0,154.0,0.002,TT,10
Mg,16.0,149.0,0.002,TT,10
Mg,14.0,155.0,0.002,TT,10
Mg,171.0,56.0,0.002,TT,159
Mg,114.0,57.0,0.002,TT,159
Mg,60.0,73.0,0.002,TT,159
Mg,47.0,72.0,0.002,TT,159
Mg,44.0,78.0,0.002,TT,159
Mg,118.0,50.0,0.002,CT,160
Mg,0.4,217.0,0.002,CT,160
Mg,0.1,263.0,0.002,CT,160
Mg,0.06,217.0,0.002,CT,160
Mg,1294.0,13.0,0.002,CT,161
Mg,7.0,49.0,0.002,CT,161
Mg,4.0,108.0,0.002,CT,161
Mg,2.0,116.0,0.002,CT,161
Mg,0.7,84.0,0.002,CT,161
Mg,1466.0,12.0,0.002,CT,162
Mg,1469.0,14.0,0.002,CT,162
Mg,740.0,9.0,0.002,CT,162
Mg,721.0,12.0,0.002,CT,162
Mg,721.0,12.0,0.002,CT,162
Mg,669.0,19.0,0.002,CT,162
Mg,668.0,18.0,0.002,CT,162
Mg,87.0,39.0,0.002,CT,162
Mg,90.0,41.0,0.002,CT,162
Mg,91.0,42.0,0.002,CT,162
Mg,92.0,43.0,0.002,CT,162
Mg,41.0,42.0,0.002,CT,162
Mg,40.0,43.0,0.002,CT,162
Mg,40.0,43.0,0.002,CT,162
Mg,40.0,45.0,0.002,CT,162
Mg,19.0,61.0,0.002,CT,162
Mg,19.0,60.0,0.002,CT,162
Mg,19.0,64.0,0.002,CT,162
Mg,19.0,66.0,0.002,CT,162
Mg,0.2,131.0,0.002,TT,163
Mg,61.0,90.0,0.001,TT,158
Mg,57.0,87.0,0.001,TT,158
Mg,8.0,124.0,0.001,TT,158
Mg,4.0,157.0,0.001,TT,158
Mg,2.0,135.0,0.001,TT,158
Mg,2.0,116.0,0.001,TT,158
Zn,116.0,28.0,0.005,TT,164
Zn,106.0,30.0,0.005,TT,164
Zn,86.0,30.0,0.005,TT,164
Zn,72.0,33.0,0.005,TT,164
Zn,68.0,31.0,0.005,TT,164
Zn,64.0,32.0,0.005,TT,164
Zn,61.0,36.0,0.005,TT,164
Zn,52.0,35.0,0.005,TT,164
Zn,38.0,40.0,0.005,TT,164
Zn,36.0,41.0,0.005,TT,164
Zn,34.0,42.0,0.005,TT,164
Zn,32.0,46.0,0.005,TT,164
Zn,32.0,39.0,0.005,TT,164
Zn,31.0,46.0,0.005,TT,164
Zn,29.0,45.0,0.005,TT,164
Zn,28.0,49.0,0.005,TT,164
Zn,26.0,52.0,0.005,TT,164
Zn,27.0,51.0,0.005,TT,164
Zn,25.0,49.0,0.005,TT,164
Zn,77.0,47.0,0.002,TT,165
Zn,67.0,59.0,0.002,TT,165
Zn,40.0,62.0,0.002,TT,165
Zn,0.179,104.0,-,VH,166
Zn,0.102,122.0,-,VH,166
Zn,0.081,137.0,-,VH,166
Zn,0.06,143.0,-,VH,166
Zn,0.023,178.0,-,VH,166
Zn,0.062,113.0,0.002,TT,167
Zn,0.068,107.0,0.002,TT,167
Zn,0.021,160.0,0.002,TT,167
Zn,377.0,29.0,0.003,TT,168
Zn,103.0,66.0,0.003,TT,168
Zn,21.0,113.0,0.003,TT,168
Zn,11.0,118.0,0.003,TT,168
Zn,7.3,132.0,0.003,TT,168
Zn,4.2,147.0,0.003,TT,168
Zn,3.8,147.0,0.003,TT,168
Zn,3.5,146.0,0.003,TT,168
Zn,3.0,152.0,0.003,TT,168
Zn,3.4,128.0,0.003,TT,168
Zn,3.2,136.0,0.003,TT,168
Zn,2.8,136.0,0.003,TT,168
Zn,2.4,141.0,0.003,TT,168
Zn,2.8,115.0,0.003,TT,168
Zn,3.5,120.0,0.003,TT,168
Zn,2.3,123.0,0.003,TT,168
Zn,2.4,108.0,0.003,TT,168
Zn,1.9,103.0,0.003,TT,168
Zn,1.8,83.0,0.003,TT,168
Zn,1.1,89.0,0.003,TT,168
Zn,1.1,77.0,0.003,TT,168
Zn,0.92,78.0,0.003,TT,168
Zn,0.64,64.0,0.003,TT,168
Zn,85.0,56.0,0.002,TT,171
Zn,23.0,69.0,0.002,TT,171
Zn,11.0,96.0,0.002,TT,171
Zn,3.0,101.0,0.002,TT,171
Zn,0.7,67.0,0.002,TT,171
Zn,0.03,151.0,-,NH,169
Zn,0.022,204.0,-,NH,169
Zn,0.016,271.0,-,NH,169
Zn,0.011,350.0,-,NH,169
Zn,0.008,277.0,-,NH,169
Zn,0.006,187.0,-,NH,169
Zn,0.02,205.0,-,NH,170
Zn,0.019,195.0,-,NH,170
Hf,130.0,130.0,0.02,CT,138
Hf,128.0,135.0,0.02,CT,138
Hf,74.0,148.0,0.02,CT,138
Hf,35.0,155.0,0.02,CT,138
Hf,35.0,162.0,0.02,CT,138
Hf,35.0,168.0,0.02,CT,138
Cd,473.0,14.0,0.001,TT,174
Cd,283.0,24.0,0.001,TT,174
Cd,1077.0,8.0,0.001,TT,174
Cd,167.0,28.0,0.001,TT,174
Cd,92.0,39.0,0.001,TT,174
Cd,116.0,29.0,0.002,TT,172
Cd,258.0,19.0,0.002,TT,172
Cd,61.0,37.0,0.002,TT,172
Cd,28.0,54.0,0.002,TT,172
Cd,38.0,42.0,0.05,TT,173
Cd,80.0,29.0,0.05,TT,173
Cd,25.0,46.0,0.05,TT,173
Cd,46.0,36.0,0.05,TT,173
Cd,30.0,44.0,0.05,TT,173
Co,0.012,1717.0,-,VH,141
Co,4.8,923.0,-,VH,139
Co,0.018,1500.0,-,VH,140
Co,1.1,967.0,-,VH,140
Co,9.9,800.0,-,VH,140
Co,0.02,1725.0,0.002,TT,142
Co,35.0,892.0,0.002,TT,142
Co,0.013,1437.0,-,VH,143
Co,0.012,1550.0,-,VH,143
Co,0.007,2022.0,-,VH,143
Co,0.006,2093.0,-,VH,143
Co,0.003,2414.0,-,VH,143
Co,1.9,91.0,-,VH,144
Co,1.4,95.0,-,VH,144
Co,1.0,86.0,-,VH,144
Co,0.94,91.0,-,VH,144
Co,0.54,115.0,-,VH,144
Co,0.39,141.0,-,VH,144
Co,0.25,167.0,-,VH,144
Co,0.24,163.0,-,VH,144
Co,0.2,184.0,-,VH,144
